INSERT INTO users (id, name, age) VALUES (1, "Borg", 44);
INSERT INTO users (id, name, age) VALUES (2, "Spimpy", 31);
INSERT INTO users (id, name, age) VALUES (3, "Trellis", 14);
INSERT INTO users (id, name, age) VALUES (4, "Verglin", 29);
INSERT INTO users (id, name, age) VALUES (5, "Wretch", 22);
INSERT INTO users (id, name, age) VALUES (6, "Cromwell", 66);
INSERT INTO users (id, name, age) VALUES (7, "Torland", 90);
INSERT INTO users (id, name, age) VALUES (8, "Haiser", 11);
INSERT INTO users (id, name, age) VALUES (9, "Eckles", 18);
INSERT INTO users (id, name, age) VALUES (10, "Groll", 104);
INSERT INTO users (id, name, age) VALUES (11, "Hubert", 22);
INSERT INTO users (id, name, age) VALUES (12, "Wilson", 41);
INSERT INTO users (id, name, age) VALUES (13, "Art", 23);
INSERT INTO users (id, name, age) VALUES (14, "Howser", 49);
INSERT INTO users (id, name, age) VALUES (15, "Bentley", 44);
INSERT INTO users (id, name, age) VALUES (16, "Ronson", 55);
INSERT INTO users (id, name, age) VALUES (17, "Ewell", 51);
INSERT INTO users (id, name, age) VALUES (18, "Torvald", 22);
INSERT INTO users (id, name, age) VALUES (19, "Kriles", 51);
INSERT INTO users (id, name, age) VALUES (20, "Baggley", 43);


INSERT INTO projects (id, title, category, funding_goal, start_date, end_date) VALUES (1,"A", "Helping the Poor", 100, 2020-01-01, 2021-01-01);
INSERT INTO projects (id, title, category, funding_goal, start_date, end_date) VALUES (2, "B", "Climate Change", 10, 2021-01-01, 2022-01-01);
INSERT INTO projects (id, title, category, funding_goal, start_date, end_date) VALUES (3, "C", "Helping the Poor", 2, 2022-01-01, 2022-01-01);
INSERT INTO projects (id, title, category, funding_goal, start_date, end_date) VALUES (4, "D", "Climate Change", 1500, 2023-01-01, 2024-01-01);
INSERT INTO projects (id, title, category, funding_goal, start_date, end_date) VALUES (5, "E", "Helping the Poor", 30000, 2024-01-01, 2025-01-01);
INSERT INTO projects (id, title, category, funding_goal, start_date, end_date) VALUES (6, "F", "Climate Change", 13000, 2025-01-01, 2026-01-01);
INSERT INTO projects (id, title, category, funding_goal, start_date, end_date) VALUES (7, "G", "Helping the Poor", 240, 2026-01-01, 2027-01-01);
INSERT INTO projects (id, title, category, funding_goal, start_date, end_date) VALUES (8, "H", "Get Rich Quick", 250000000000, 2027-01-01, 2028-01-01);
INSERT INTO projects (id, title, category, funding_goal, start_date, end_date) VALUES (9, "I", "Get Rich Quick", 6000000000000, 2028-01-01, 2029-01-01);
INSERT INTO projects (id, title, category, funding_goal, start_date, end_date) VALUES (10, "J", "Helping the Poor", 22, 2029-01-01, 2030-01-01);












INSERT INTO pledges (id, amount, user_id, project_id) VALUES (1, 100, 1, 1);
INSERT INTO pledges (id, amount, user_id, project_id) VALUES (2, 200, 2, 2);
INSERT INTO pledges (id, amount, user_id, project_id) VALUES (3, 300, 3, 3);
INSERT INTO pledges (id, amount, user_id, project_id) VALUES (4, 400, 4, 4);
INSERT INTO pledges (id, amount, user_id, project_id) VALUES (5, 500, 5, 5);
INSERT INTO pledges (id, amount, user_id, project_id) VALUES (6, 600, 6, 6);
INSERT INTO pledges (id, amount, user_id, project_id) VALUES (7, 700, 7, 7);
INSERT INTO pledges (id, amount, user_id, project_id) VALUES (8, 800, 8, 8);
INSERT INTO pledges (id, amount, user_id, project_id) VALUES (9, 900, 9, 9);
INSERT INTO pledges (id, amount, user_id, project_id) VALUES (10, 1000, 10, 10);
INSERT INTO pledges (id, amount, user_id, project_id) VALUES (11, 1100, 11, 1);
INSERT INTO pledges (id, amount, user_id, project_id) VALUES (12, 1200, 12, 2);
INSERT INTO pledges (id, amount, user_id, project_id) VALUES (13, 1300, 13, 3);
INSERT INTO pledges (id, amount, user_id, project_id) VALUES (14, 1400, 14, 4);
INSERT INTO pledges (id, amount, user_id, project_id) VALUES (15, 1500, 15, 5);
INSERT INTO pledges (id, amount, user_id, project_id) VALUES (16, 1600, 16, 6);
INSERT INTO pledges (id, amount, user_id, project_id) VALUES (17, 1700, 17, 7);
INSERT INTO pledges (id, amount, user_id, project_id) VALUES (18, 1800, 18, 8);
INSERT INTO pledges (id, amount, user_id, project_id) VALUES (19, 1900, 19, 9);
INSERT INTO pledges (id, amount, user_id, project_id) VALUES (20, 2000, 20, 10);
INSERT INTO pledges (id, amount, user_id, project_id) VALUES (21, 2100, 1, 1);
INSERT INTO pledges (id, amount, user_id, project_id) VALUES (22, 2200, 2, 2);
INSERT INTO pledges (id, amount, user_id, project_id) VALUES (23, 2300, 3, 3);
INSERT INTO pledges (id, amount, user_id, project_id) VALUES (24, 2400, 4, 4);
INSERT INTO pledges (id, amount, user_id, project_id) VALUES (25, 2500, 5, 5);
INSERT INTO pledges (id, amount, user_id, project_id) VALUES (26, 2600, 6, 6);
INSERT INTO pledges (id, amount, user_id, project_id) VALUES (27, 2700, 7, 7);
INSERT INTO pledges (id, amount, user_id, project_id) VALUES (28, 2800, 8, 8);
INSERT INTO pledges (id, amount, user_id, project_id) VALUES (29, 2900, 9, 9);
INSERT INTO pledges (id, amount, user_id, project_id) VALUES (30, 3000, 10, 10);
