INSERT INTO users (id, name, age) VALUES
(1, 'User1', 31),
(2, 'User2', 32),
(3, 'User3', 33),
(4, 'User4', 34),
(5, 'User5', 35),
(6, 'User6', 36),
(7, 'User7', 37),
(8, 'User8', 38),
(9, 'User9', 39),
(10, 'User10', 39),
(11, 'User11', 38),
(12, 'User12', 32),
(13, 'User13', 31),
(14, 'User14', 30),
(15, 'User15', 29),
(16, 'User16', 28),
(17, 'User17', 33),
(18, 'User18', 26),
(19, 'User19', 24),
(20, 'User20', 22);


INSERT INTO projects (id, title, category, funding_goal, start_date, end_date) VALUES
(1, 'prject1', 'Tech', '1000000', '11/22/2015', '11/22/2016'),
(2, 'prject2', 'Tech', '12341234', '01/22/2013', '12/22/2016'),
(3, 'prject3', 'Education', '4567476', '09/22/2015', '11/22/2016'),
(4, 'prject4', 'Education', '34534536', '01/02/2015', '11/22/2019'),
(5, 'prject5', 'Fashion', '234561', '11/22/2015', '11/22/2019'),
(6, 'prject6', 'Design', '10084930', '03/22//2015', '12/02/2026'),
(7, 'prject7', 'Music', '1200000', '04/29/2015', '05/02/2018'),
(8, 'prject8', 'Craft', '97298347682', '07/22/2017', '12/02/2020'),
(9, 'prject9', 'Design', '5362735726', '06/25/2015', '12/29/2029'),
(10, 'prject10', 'Tech', '4324632', '02/22/2012', '12/22/2022');

INSERT INTO pledges (id, amount, user_id, project_id) VALUES
(1, 100.00, 1, 1),
(2, 200.00, 2, 3),
(3, 300.00, 13, 5),
(4, 400.00, 14, 4),
(5, 500.00, 15, 3),
(6, 600.00, 16, 7),
(7, 700.00, 17, 18),
(8, 800.00, 18, 4),
(9, 900.00, 19, 9),
(10, 1000.00, 9, 11),
(11, 100.00, 1, 1),
(12, 200.00, 2, 3),
(13, 300.00, 13, 5),
(14, 400.00, 14, 4),
(15, 500.00, 15, 3),
(16, 600.00, 3, 7),
(17, 700.00, 17, 18),
(18, 800.00, 18, 4),
(19, 900.00, 19, 9),
(20, 1000.00, 9, 11),
(21, 100.00, 1, 1),
(22, 200.00, 2, 3),
(23, 300.00, 13, 5),
(24, 400.00, 14, 4),
(25, 500.00, 7, 2),
(26, 600.00, 16, 7),
(27, 700.00, 17, 18),
(28, 800.00, 13, 4),
(29, 900.00, 19, 9),
(30, 1000.00, 9, 11);
